<?xml version="1.0"?>
<layouts>
  <layout name="bbb.layout.name.defaultlayout" default="true">
    <window name="UsersWindow" width="0.19" height="0.645714285714286" x="0.0078125" y="0.014285714285714" />
    <window name="VideoDock" width="0.19" height="0.303616071428571" x="0.0078125" y="0.682098214285714" />
    <window name="PresentationWindow" width="0.5575" height="0.971428571428571" x="0.205625" y="0.014285714285714" />
    <window name="ChatWindow" width="0.22125" height="0.971428571428571" x="0.7709375" y="0.014285714285714" />
    <window name="SharedNotesWindow" hidden="true" />
    <window name="BroadcastWindow" hidden="true" />
    <window name="CaptionWindow" hidden="true" />
  </layout>
  <layout name="bbb.layout.name.closedcaption">
    <window name="UsersWindow" width="0.19" height="0.645714285714286" x="0.0078125" y="0.014285714285714" />
    <window name="VideoDock" width="0.19" height="0.303616071428571" x="0.0078125" y="0.682098214285714" />
    <window name="PresentationWindow" width="0.5575" height="0.539560439560439" x="0.205625" y="0.014285714285714" />
    <window name="CaptionWindow" width="0.5575" height="0.409769917582418" x="0.205625" y="0.575944368131867" />
    <window name="ChatWindow" width="0.22125" height="0.971428571428571" x="0.7709375" y="0.014285714285714" />
    <window name="SharedNotesWindow" hidden="true" />
    <window name="BroadcastWindow" hidden="true" />
  </layout>
  <layout name="bbb.layout.name.videochat">
    <window name="VideoDock" width="1" height="1" x="0" y="0" order="0"/>
    <window name="SharedNotesWindow" hidden="true" />
    <window name="BroadcastWindow" hidden="true" />
    <window name="ChatWindow" hidden="true"  />
    <window name="PresentationWindow" hidden="true"  />
    <window name="UsersWindow" hidden="true" />
    <window name="CaptionWindow" hidden="true"  />
  </layout>
  <layout name="bbb.layout.name.webcamsfocus">
    <window name="VideoDock" width="0.649206313314037" height="0.971428571428571" x="0.0078125" y="0.014285714285714" />
    <window name="ChatWindow" width="0.335168686685963" height="0.478571428571429" x="0.664831313314037" y="0.014285714285714" />
    <window name="PresentationWindow" width="0.335168686685963" height="0.478571428571429" x="0.664831313314037" y="0.507142857142857" />
    <window name="CaptionWindow" hidden="true"  />
    <window name="BroadcastWindow" hidden="true" />
    <window name="UsersWindow" hidden="true"  />
    <window name="SharedNotesWindow" hidden="true" />
  </layout>
  <layout name="bbb.layout.name.presentfocus">
    <window name="PresentationWindow" width="0.649206313314037" height="0.971428571428571" x="0.0078125" y="0.014285714285714" />
    <window name="ChatWindow" width="0.335168686685963" height="0.478571428571429" x="0.664831313314037" y="0.014285714285714" />
    <window name="VideoDock" width="0.335168686685963" height="0.478571428571429" x="0.664831313314037" y="0.507142857142857" />
    <window name="CaptionWindow" hidden="true" />
    <window name="SharedNotesWindow" hidden="true" />
    <window name="BroadcastWindow" hidden="true" />
    <window name="UsersWindow" hidden="true" />
  </layout>
  <layout name="bbb.layout.name.presentandusers">
    <window name="PresentationWindow" width="0.649206313314037" height="0.971428571428571" x="0.0078125" y="0.014285714285714" />
    <window name="ChatWindow" width="0.335168686685963" height="0.478571428571429" x="0.664831313314037" y="0.014285714285714" />
    <window name="UsersWindow" width="0.335168686685963" height="0.478571428571429" x="0.664831313314037" y="0.507142857142857" />
    <window name="CaptionWindow" hidden="true" />
    <window name="SharedNotesWindow" hidden="true" />
    <window name="BroadcastWindow" hidden="true" />
    <window name="VideoDock" hidden="true" />
  </layout>
  <layout name="bbb.layout.name.lectureassistant">
    <window name="UsersWindow" width="0.19" height="0.971428571428571" x="0.0078125" y="0.014285714285714" />
    <window name="ChatWindow" width="0.5575" height="0.971428571428571" x="0.205625" y="0.014285714285714" />
    <window name="PresentationWindow" width="0.22125" height="0.478571428571429" x="0.7709375" y="0.014285714285714" />
    <window name="VideoDock" width="0.22125" height="0.478571428571429" x="0.7709375" y="0.507142857142857" />
    <window name="SharedNotesWindow" hidden="true" />
    <window name="BroadcastWindow" hidden="true" />
    <window name="CaptionWindow" hidden="true" />
  </layout>
  <layout name="bbb.layout.name.lecture">
    <window name="UsersWindow" width="0.19" height="0.645714285714286" x="0.0078125" y="0.014285714285714" order="3"/>
    <window name="SharedNotesWindow" width="0.19" height="0.303616071428571" x="0.0078125" y="0.682098214285714" order="4"/>
    <window name="PresentationWindow" width="0.5575" height="0.971428571428571" x="0.205625" y="0.014285714285714" />
    <window name="ChatWindow" width="0.22125" height="0.478571428571429" x="0.7709375" y="0.014285714285714" order="2"/>
    <window name="VideoDock" width="0.22125" height="0.478571428571429" x="0.7709375" y="0.507142857142857" order="0"/>
    <window name="BroadcastWindow" hidden="true"/>
    <window name="CaptionWindow" hidden="true"/>
  </layout>
  <layout name="bbb.layout.name.lecture" role="presenter">
    <window name="PresentationWindow" maximized="true" />
    <window name="SharedNotesWindow" hidden="true" />
    <window name="BroadcastWindow" hidden="true"/>
    <window name="ChatWindow" hidden="true" />
    <window name="UsersWindow" hidden="true" />
    <window name="VideoDock" hidden="true" />
    <window name="CaptionWindow" hidden="true" />
  </layout>
  <layout name="bbb.layout.name.lecture" role="moderator">
    <window name="UsersWindow" width="0.19" height="0.971428571428571" x="0.0078125" y="0.014285714285714" />
    <window name="ChatWindow" width="0.5575" height="0.971428571428571" x="0.205625" y="0.014285714285714" />
    <window name="PresentationWindow" width="0.22125" height="0.478571428571429" x="0.7709375" y="0.014285714285714" />
    <window name="VideoDock" width="0.22125" height="0.478571428571429" x="0.7709375" y="0.507142857142857" />
    <window name="SharedNotesWindow" hidden="true" />
    <window name="BroadcastWindow" hidden="true" />
    <window name="CaptionWindow" hidden="true" />
  </layout>
  <layout name="bbb.layout.name.sharednotes">
    <window name="UsersWindow" width="0.19" height="0.611428571428572" x="0.0078125" y="0.014285714285714" order="3"/>
    <window name="SharedNotesWindow" width="0.19" height="0.337901785714285" x="0.0078125" y="0.647812500000000" order="4"/>
    <window name="PresentationWindow" width="0.5575" height="0.971428571428571" x="0.205625" y="0.014285714285714" />
    <window name="ChatWindow" width="0.22125" height="0.611428571428572" x="0.7709375" y="0.014285714285714" order="2"/>
    <window name="VideoDock" width="0.22125" height="0.337901785714285" x="0.7709375" y="0.647812500000000" order="0"/>
    <window name="BroadcastWindow" hidden="true"/>
    <window name="CaptionWindow" hidden="true"/>
  </layout>
</layouts>
